<?xml version="1.0" encoding="UTF-8"?>
<pages><page><url><![CDATA[index]]></url><menuStatus><![CDATA[Y]]></menuStatus><menuOrder><![CDATA[0]]></menuOrder><menu><![CDATA[Strona główna]]></menu><title><![CDATA[Witamy w CMS]]></title><parent><![CDATA[]]></parent><private><![CDATA[]]></private><tags><![CDATA[getsimple, easy, content management system]]></tags></page><page><url><![CDATA[szablony]]></url><menuStatus><![CDATA[Y]]></menuStatus><menuOrder><![CDATA[1]]></menuOrder><menu><![CDATA[Szablony]]></menu><title><![CDATA[Szablony w GetSimple]]></title><parent><![CDATA[]]></parent><private><![CDATA[]]></private><tags><![CDATA[]]></tags></page><page><url><![CDATA[galeria]]></url><menuStatus><![CDATA[Y]]></menuStatus><menuOrder><![CDATA[2]]></menuOrder><menu><![CDATA[Galeria]]></menu><title><![CDATA[Galeria]]></title><parent><![CDATA[]]></parent><private><![CDATA[]]></private><tags><![CDATA[]]></tags></page><page><url><![CDATA[podstrona]]></url><menuStatus><![CDATA[Y]]></menuStatus><menuOrder><![CDATA[3]]></menuOrder><menu><![CDATA[Podstrona]]></menu><title><![CDATA[Podstrona]]></title><parent><![CDATA[]]></parent><private><![CDATA[]]></private><tags><![CDATA[]]></tags></page><page><url><![CDATA[lista-cms]]></url><menuStatus><![CDATA[Y]]></menuStatus><menuOrder><![CDATA[0]]></menuOrder><menu><![CDATA[Lista CMS-ów]]></menu><title><![CDATA[Lista CMS-ów]]></title><parent><![CDATA[index]]></parent><private><![CDATA[]]></private><tags><![CDATA[cms]]></tags></page></pages>
