<?xml version="1.0" encoding="UTF-8"?>
<channel><item><pubDate><![CDATA[Tue, 12 Dec 2017 12:19:15 +0100]]></pubDate><title><![CDATA[Szablony w GetSimple]]></title><url><![CDATA[szablony]]></url><meta><![CDATA[]]></meta><metad><![CDATA[]]></metad><menu><![CDATA[Szablony]]></menu><menuStatus><![CDATA[Y]]></menuStatus><template><![CDATA[template.php]]></template><parent><![CDATA[]]></parent><private><![CDATA[]]></private><author><![CDATA[uczen]]></author><menuOrder><![CDATA[1]]></menuOrder><slug><![CDATA[szablony]]></slug><filename><![CDATA[szablony.xml]]></filename></item><item><pubDate><![CDATA[Tue, 12 Dec 2017 12:22:12 +0100]]></pubDate><title><![CDATA[Galeria]]></title><url><![CDATA[galeria]]></url><meta><![CDATA[]]></meta><metad><![CDATA[]]></metad><menu><![CDATA[Galeria]]></menu><menuStatus><![CDATA[Y]]></menuStatus><template><![CDATA[template.php]]></template><parent><![CDATA[]]></parent><private><![CDATA[]]></private><author><![CDATA[uczen]]></author><menuOrder><![CDATA[2]]></menuOrder><slug><![CDATA[galeria]]></slug><filename><![CDATA[galeria.xml]]></filename></item><item><pubDate><![CDATA[Tue, 12 Dec 2017 12:22:19 +0100]]></pubDate><title><![CDATA[Podstrona]]></title><url><![CDATA[podstrona]]></url><meta><![CDATA[]]></meta><metad><![CDATA[]]></metad><menu><![CDATA[Podstrona]]></menu><menuStatus><![CDATA[Y]]></menuStatus><template><![CDATA[template.php]]></template><parent><![CDATA[]]></parent><private><![CDATA[]]></private><author><![CDATA[uczen]]></author><menuOrder><![CDATA[3]]></menuOrder><slug><![CDATA[podstrona]]></slug><filename><![CDATA[podstrona.xml]]></filename></item><item><pubDate><![CDATA[Tue, 12 Dec 2017 12:15:52 +0100]]></pubDate><title><![CDATA[Witamy w CMS]]></title><url><![CDATA[index]]></url><meta><![CDATA[getsimple, easy, content management system]]></meta><metad><![CDATA[]]></metad><menu><![CDATA[Strona główna]]></menu><menuStatus><![CDATA[Y]]></menuStatus><template><![CDATA[template.php]]></template><parent><![CDATA[]]></parent><private><![CDATA[]]></private><author><![CDATA[uczen]]></author><menuOrder><![CDATA[0]]></menuOrder><slug><![CDATA[index]]></slug><filename><![CDATA[index.xml]]></filename></item></channel>
