<?xml version="1.0" encoding="UTF-8"?>
<item><pubDate>Fri, 15 Dec 2017 07:44:27 +0100</pubDate><title><![CDATA[Lista CMS-ów]]></title><url><![CDATA[lista-cms]]></url><meta><![CDATA[cms]]></meta><metad><![CDATA[]]></metad><menu><![CDATA[Lista CMS-ów]]></menu><menuOrder><![CDATA[0]]></menuOrder><menuStatus><![CDATA[Y]]></menuStatus><template><![CDATA[template.php]]></template><parent><![CDATA[index]]></parent><content><![CDATA[&lt;h2 style=&quot;font-style:italic;&quot;&gt;Najpopularniejsze CMS-y:&lt;/h2&gt;

&lt;ul&gt;
	&lt;li&gt;joomla&lt;/li&gt;
	&lt;li&gt;Wordpres&lt;/li&gt;
	&lt;li&gt;GetSimple&lt;/li&gt;
&lt;/ul&gt;
]]></content><private><![CDATA[]]></private><author><![CDATA[uczen]]></author></item>
