<?xml version="1.0" encoding="UTF-8"?>
<item><pubDate>Tue, 12 Dec 2017 12:22:19 +0100</pubDate><title><![CDATA[Podstrona]]></title><url><![CDATA[podstrona]]></url><meta><![CDATA[]]></meta><metad><![CDATA[]]></metad><menu><![CDATA[Podstrona]]></menu><menuStatus><![CDATA[Y]]></menuStatus><template><![CDATA[template.php]]></template><parent><![CDATA[]]></parent><content><![CDATA[&lt;p style=&quot;text-align: justify;&quot;&gt;Lorem ipsum dolor sit amet, consectetur adipiscing elit. Nullam pharetra tristique lectus. Nullam blandit tortor id lorem molestie, dapibus imperdiet urna sollicitudin. Pellentesque pulvinar, nibh id malesuada eleifend, neque purus posuere diam, at facilisis leo mauris eu risus. Aliquam pellentesque quam nec nulla consectetur varius. Integer lobortis justo orci, sed elementum arcu lacinia malesuada. Curabitur dignissim ultrices nibh ut malesuada. Suspendisse vel diam elit. Pellentesque facilisis accumsan feugiat.&lt;/p&gt;

&lt;p style=&quot;text-align: justify;&quot;&gt;Donec eu ipsum eu sem convallis convallis quis id ligula. Nulla in erat dolor. Ut sit amet justo ac dui consequat elementum. Fusce in condimentum urna. Suspendisse eu nulla quis nulla finibus tincidunt ullamcorper sit amet sapien. Fusce massa mauris, vehicula sit amet lectus eget, bibendum fringilla magna. Duis orci justo, tincidunt vel tortor ut, cursus hendrerit sem. Fusce vitae auctor mauris, fermentum semper augue. Aenean efficitur, tortor sit amet eleifend blandit, leo velit varius nisi, eu finibus nulla eros ac leo. Sed pretium odio tortor, quis semper leo venenatis et. Maecenas nec pharetra massa. Suspendisse tincidunt vel sapien id porta. Fusce suscipit, dui ut facilisis pretium, nibh odio luctus quam, in tincidunt dolor erat at dui. Maecenas varius, ex at rutrum vulputate, mi eros imperdiet justo, ut auctor arcu risus a libero. Quisque nulla nunc, sodales nec porttitor in, consequat ut ex. Class aptent taciti sociosqu ad litora torquent per conubia nostra, per inceptos himenaeos.&lt;/p&gt;

&lt;p style=&quot;text-align: justify;&quot;&gt;Sed quis lorem eu turpis porttitor elementum eget interdum mi. Proin venenatis mattis arcu eget egestas. Vestibulum accumsan risus eu nibh luctus sollicitudin. Aliquam in mauris nulla. Nam auctor, odio eu ultricies venenatis, ipsum odio blandit massa, suscipit sagittis metus risus at ligula. Nam in lacus et massa blandit vehicula. Integer eu faucibus elit, eget auctor tellus.&lt;/p&gt;

&lt;p style=&quot;text-align: justify;&quot;&gt;Sed bibendum tellus ac faucibus iaculis. Morbi rutrum, purus luctus ultrices tincidunt, neque orci faucibus tortor, in sollicitudin purus augue nec dolor. Nulla pharetra quis tellus eu lacinia. Morbi facilisis sit amet orci ac interdum. Nam aliquam viverra nulla, non tempus quam sollicitudin vel. Sed eget enim diam. Vestibulum ut scelerisque nisi. Donec efficitur vehicula tellus, et facilisis velit lobortis vel.&lt;/p&gt;

&lt;p style=&quot;text-align: justify;&quot;&gt;Duis sit amet ipsum finibus, auctor metus non, pellentesque ante. Phasellus a arcu quis neque semper ultrices. Nulla vel mi vel quam blandit ullamcorper eu id leo. Morbi interdum venenatis mauris a dapibus. Morbi tincidunt fermentum mi ac ultricies. Suspendisse potenti. Proin leo urna, feugiat luctus pulvinar non, dignissim eget lacus. Ut eget maximus risus, vel hendrerit velit. Donec nec augue lobortis, luctus leo in, pharetra massa. Sed vel elit vel tellus laoreet egestas. Nunc id ultricies quam. Curabitur massa nunc, elementum a posuere eget, sagittis non elit. Mauris convallis vestibulum ex, vel congue leo ornare vel. Suspendisse eleifend cursus lorem in ultricies.&lt;/p&gt;
]]></content><private><![CDATA[]]></private><author><![CDATA[uczen]]></author><menuOrder><![CDATA[3]]></menuOrder></item>
