<?xml version="1.0" encoding="UTF-8"?>
<item><pubDate>Tue, 12 Dec 2017 12:19:13 +0100</pubDate><title><![CDATA[Szablony w GetSimple]]></title><url><![CDATA[szablony]]></url><meta><![CDATA[]]></meta><metad><![CDATA[]]></metad><menu><![CDATA[Szablony]]></menu><menuStatus><![CDATA[Y]]></menuStatus><template><![CDATA[template.php]]></template><parent><![CDATA[]]></parent><content><![CDATA[&lt;p&gt;Teść&lt;/p&gt;
]]></content><private><![CDATA[]]></private><author><![CDATA[uczen]]></author><menuOrder><![CDATA[1]]></menuOrder></item>
